city,city_ascii,lat,lng,country,iso2,iso3,admin_name,capital,population,id
New York,New York,40.6943,-73.9249,United States,US,USA,New York,,18832416,1840034016
Los Angeles,Los Angeles,34.1141,-118.4068,United States,US,USA,California,,11885717,1840020491
Chicago,Chicago,41.8375,-87.6866,United States,US,USA,Illinois,,8489066,1840000494
Miami,Miami,25.7840,-80.2101,United States,US,USA,Florida,,6113982,1840015149
Houston,Houston,29.7860,-95.3885,United States,US,USA,Texas,,6046392,1840020925
Dallas,Dallas,32.7935,-96.7667,United States,US,USA,Texas,,5843632,1840019440
Philadelphia,Philadelphia,40.0077,-75.1339,United States,US,USA,Pennsylvania,,5696588,1840000673
Atlanta,Atlanta,33.7628,-84.4220,United States,US,USA,Georgia,admin,5211164,1840013660
Washington,Washington,38.9047,-77.0163,United States,US,USA,District of Columbia,primary,5146120,1840006060
Boston,Boston,42.3188,-71.0852,United States,US,USA,Massachusetts,admin,4355184,1840000455
Phoenix,Phoenix,33.5722,-112.0892,United States,US,USA,Arizona,admin,4065338,1840020568
Detroit,Detroit,42.3834,-83.1024,United States,US,USA,Michigan,,3716929,1840003971
Seattle,Seattle,47.6211,-122.3244,United States,US,USA,Washington,,3555253,1840021117
San Francisco,San Francisco,37.7558,-122.4449,United States,US,USA,California,,3364862,1840021543
San Diego,San Diego,32.8313,-117.1222,United States,US,USA,California,,3057778,1840021990
Minneapolis,Minneapolis,44.9635,-93.2678,United States,US,USA,Minnesota,,2906807,1840007830
Tampa,Tampa,27.9945,-82.4447,United States,US,USA,Florida,,2906035,1840015982
Brooklyn,Brooklyn,40.6501,-73.9496,United States,US,USA,New York,,2736074,1840034030
Denver,Denver,39.7620,-104.8758,United States,US,USA,Colorado,admin,2691349,1840018789
Queens,Queens,40.7498,-73.7976,United States,US,USA,New York,,2405464,1840034002
Riverside,Riverside,33.9381,-117.3949,United States,US,USA,California,,2288508,1840020551
Las Vegas,Las Vegas,36.2333,-115.2654,United States,US,USA,Nevada,,2256509,1840020364
Baltimore,Baltimore,39.3051,-76.6144,United States,US,USA,Maryland,,2189589,1840001592
St. Louis,St. Louis,38.6359,-90.2451,United States,US,USA,Missouri,,2127843,1840001651
Portland,Portland,45.5371,-122.6500,United States,US,USA,Oregon,,2084045,1840019941
San Antonio,San Antonio,29.4632,-98.5238,United States,US,USA,Texas,,2069843,1840022220
Sacramento,Sacramento,38.5677,-121.4685,United States,US,USA,California,admin,1962998,1840021491
Austin,Austin,30.3005,-97.7522,United States,US,USA,Texas,admin,1915031,1840019590
Orlando,Orlando,28.4773,-81.3370,United States,US,USA,Florida,,1913597,1840015099
San Jose,San Jose,37.3012,-121.8480,United States,US,USA,California,,1771563,1840021570
Indianapolis,Indianapolis,39.7771,-86.1458,United States,US,USA,Indiana,admin,1740984,1840030084
Pittsburgh,Pittsburgh,40.4397,-79.9763,United States,US,USA,Pennsylvania,,1712828,1840001254
Cincinnati,Cincinnati,39.1413,-84.5060,United States,US,USA,Ohio,,1704916,1840003814
Manhattan,Manhattan,40.7834,-73.9662,United States,US,USA,New York,,1694263,1840034000
Kansas City,Kansas City,39.1238,-94.5541,United States,US,USA,Missouri,,1686807,1840008535
Cleveland,Cleveland,41.4764,-81.6805,United States,US,USA,Ohio,,1679247,1840000596
Columbus,Columbus,39.9862,-82.9855,United States,US,USA,Ohio,admin,1578153,1840003760
Bronx,Bronx,40.8501,-73.8662,United States,US,USA,New York,,1472654,1840033999
Charlotte,Charlotte,35.2083,-80.8303,United States,US,USA,North Carolina,,1436613,1840014557
Virginia Beach,Virginia Beach,36.7335,-76.0435,United States,US,USA,Virginia,,1431821,1840003871
Jacksonville,Jacksonville,30.3322,-81.6749,United States,US,USA,Florida,,1303156,1840015031
Milwaukee,Milwaukee,43.0642,-87.9675,United States,US,USA,Wisconsin,,1290221,1840003046
Providence,Providence,41.8230,-71.4187,United States,US,USA,Rhode Island,admin,1270529,1840003289
Nashville,Nashville,36.1715,-86.7842,United States,US,USA,Tennessee,admin,1178679,1840036155
Salt Lake City,Salt Lake City,40.7776,-111.9311,United States,US,USA,Utah,admin,1169033,1840021383
Raleigh,Raleigh,35.8324,-78.6429,United States,US,USA,North Carolina,admin,1150010,1840014497
Richmond,Richmond,37.5295,-77.4756,United States,US,USA,Virginia,admin,1081248,1840001698
Memphis,Memphis,35.1087,-89.9663,United States,US,USA,Tennessee,,1033394,1840015457
Oklahoma City,Oklahoma City,35.4676,-97.5136,United States,US,USA,Oklahoma,admin,1000207,1840020428
Hartford,Hartford,41.7661,-72.6834,United States,US,USA,Connecticut,admin,969171,1840004773
Louisville,Louisville,38.1663,-85.6485,United States,US,USA,Kentucky,,965005,1840030815
Buffalo,Buffalo,42.9018,-78.8487,United States,US,USA,New York,,949547,1840000386
Fort Worth,Fort Worth,32.7817,-97.3474,United States,US,USA,Texas,,941311,1840020696
Bridgeport,Bridgeport,41.1918,-73.1954,United States,US,USA,Connecticut,,921660,1840004836
New Orleans,New Orleans,30.0687,-89.9288,United States,US,USA,Louisiana,,918752,1840001839
Tucson,Tucson,32.1541,-110.8787,United States,US,USA,Arizona,,879871,1840022101
El Paso,El Paso,31.8476,-106.4300,United States,US,USA,Texas,,862494,1840023252
Omaha,Omaha,41.2627,-96.0529,United States,US,USA,Nebraska,,826161,1840009315
McAllen,McAllen,26.2252,-98.2467,United States,US,USA,Texas,,810034,1840021024
Hempstead,Hempstead,40.6629,-73.6089,United States,US,USA,New York,,789177,1840005293
Birmingham,Birmingham,33.5279,-86.7971,United States,US,USA,Alabama,,778756,1840006507
Albuquerque,Albuquerque,35.1054,-106.6465,United States,US,USA,New Mexico,,767499,1840019176
Tulsa,Tulsa,36.1283,-95.9042,United States,US,USA,Oklahoma,,740620,1840021672
Charleston,Charleston,32.8168,-79.9687,United States,US,USA,South Carolina,,726389,1840015163
Fresno,Fresno,36.7830,-119.7939,United States,US,USA,California,,724547,1840020319
Rochester,Rochester,43.1680,-77.6162,United States,US,USA,New York,,694707,1840000373
Dayton,Dayton,39.7805,-84.2003,United States,US,USA,Ohio,,667936,1840034249
Cape Coral,Cape Coral,26.6443,-81.9957,United States,US,USA,Florida,,656464,1840015130
Provo,Provo,40.2457,-111.6457,United States,US,USA,Utah,,639820,1840020174
Colorado Springs,Colorado Springs,38.8674,-104.7605,United States,US,USA,Colorado,,638421,1840018825
Mission Viejo,Mission Viejo,33.6096,-117.6551,United States,US,USA,California,,634674,1840020580
Allentown,Allentown,40.5961,-75.4756,United States,US,USA,Pennsylvania,,632175,1840001044
Baton Rouge,Baton Rouge,30.4420,-91.1311,United States,US,USA,Louisiana,admin,630063,1840013941
Ogden,Ogden,41.2279,-111.9682,United States,US,USA,Utah,,623688,1840020135
Knoxville,Knoxville,35.9692,-83.9496,United States,US,USA,Tennessee,,618226,1840014486
Grand Rapids,Grand Rapids,42.9619,-85.6562,United States,US,USA,Michigan,,611480,1840002928
Columbia,Columbia,34.0378,-80.9036,United States,US,USA,South Carolina,admin,605083,1840014730
Albany,Albany,42.6664,-73.7987,United States,US,USA,New York,admin,602242,1840000417
Bakersfield,Bakersfield,35.3529,-119.0359,United States,US,USA,California,,578542,1840019148
New Haven,New Haven,41.3113,-72.9246,United States,US,USA,Connecticut,,565056,1840004850
Des Moines,Des Moines,41.5725,-93.6105,United States,US,USA,Iowa,admin,560170,1840007069
Palm Bay,Palm Bay,27.9631,-80.6593,United States,US,USA,Florida,,547659,1840015094
Akron,Akron,41.0798,-81.5219,United States,US,USA,Ohio,,538659,1840000791
Concord,Concord,37.9722,-122.0016,United States,US,USA,California,,525233,1840018905
Mesa,Mesa,33.4015,-111.7178,United States,US,USA,Arizona,,507478,1840020566
Wichita,Wichita,37.6895,-97.3443,United States,US,USA,Kansas,,501760,1840001686
Harrisburg,Harrisburg,40.2752,-76.8843,United States,US,USA,Pennsylvania,admin,499494,1840001288
Little Rock,Little Rock,34.7256,-92.3577,United States,US,USA,Arkansas,admin,467846,1840015509
Madison,Madison,43.0822,-89.3930,United States,US,USA,Wisconsin,admin,460255,1840002915
Boise,Boise,43.6005,-116.2308,United States,US,USA,Idaho,admin,449428,1840027142
Trenton,Trenton,40.2237,-74.7641,United States,US,USA,New Jersey,admin,362501,1840001383
Honolulu,Honolulu,21.3294,-157.8460,United States,US,USA,Hawaii,admin,346323,1840013305
Jackson,Jackson,32.3157,-90.2125,United States,US,USA,Mississippi,admin,331332,1840014895
Lansing,Lansing,42.7142,-84.5601,United States,US,USA,Michigan,admin,318001,1840003102
St. Paul,St. Paul,44.9478,-93.1039,United States,US,USA,Minnesota,admin,307762,1840008940
Lincoln,Lincoln,40.8099,-96.6784,United States,US,USA,Nebraska,admin,293055,1840009357
Salem,Salem,44.9233,-123.0244,United States,US,USA,Oregon,admin,272331,1840021224
Tallahassee,Tallahassee,30.4551,-84.2527,United States,US,USA,Florida,admin,261271,1840015913
Montgomery,Montgomery,32.3482,-86.2668,United States,US,USA,Alabama,admin,251545,1840008353
Olympia,Olympia,47.0417,-122.8959,United States,US,USA,Washington,admin,215677,1840019865
Springfield,Springfield,39.7709,-89.6540,United States,US,USA,Illinois,admin,156240,1840009517
Topeka,Topeka,39.0346,-95.6955,United States,US,USA,Kansas,admin,150343,1840001621
Charleston,Charleston,38.3484,-81.6322,United States,US,USA,West Virginia,admin,133045,1840006196
Dover,Dover,39.1610,-75.5202,United States,US,USA,Delaware,admin,128045,1840005810
Bismarck,Bismarck,46.8143,-100.7694,United States,US,USA,North Dakota,admin,99060,1840001926
Santa Fe,Santa Fe,35.6619,-105.9819,United States,US,USA,New Mexico,admin,94032,1840021707
Cheyenne,Cheyenne,41.1350,-104.7902,United States,US,USA,Wyoming,admin,81378,1840018713
Carson City,Carson City,39.1511,-119.7476,United States,US,USA,Nevada,admin,58364,1840003826
Concord,Concord,43.2305,-71.5595,United States,US,USA,New Hampshire,admin,44219,1840002747
Jefferson City,Jefferson City,38.5676,-92.1759,United States,US,USA,Missouri,admin,42565,1840008615
Annapolis,Annapolis,38.9706,-76.5047,United States,US,USA,Maryland,admin,40744,1840005928
Helena,Helena,46.5965,-112.0202,United States,US,USA,Montana,admin,33126,1840019820
Juneau,Juneau,58.4546,-134.1739,United States,US,USA,Alaska,admin,31969,1840023306
Frankfort,Frankfort,38.1924,-84.8643,United States,US,USA,Kentucky,admin,28452,1840013210
Augusta,Augusta,44.3341,-69.7319,United States,US,USA,Maine,admin,18999,1840000302
Pierre,Pierre,44.3748,-100.3205,United States,US,USA,South Dakota,admin,14008,1840000313
Montpelier,Montpelier,44.2659,-72.5717,United States,US,USA,Vermont,admin,8038,1840002187
Madrid,Madrid,40.4168,-3.7038,Spain,ES,ESP,Madrid,primary,6642000,1724000001
Paris,Paris,48.8566,2.3522,France,FR,FRA,Île-de-France,primary,11020000,1250015082
London,London,51.5074,-0.1278,United Kingdom,GB,GBR,London,primary,10979000,1826645935
